Churn_Label,tenure,MonthlyCharges,TotalCharges
No,37.56996521066873,61.26512369540008,2552.882494201778
Yes,17.979133226324237,74.44133226324237,1531.7960941680042
